{"text": "\u627f\u7159\u897f\u65ad\u6302\u65ad\u7535\u8bdd\u7a81\u7136\u60f3\u8d77\u8fd8\u6ca1\u63d0\u9192\u8d76\u7d27\u56ed\u6b04\u4e8e\u662f\u53c8\u8d77\u8eab\u8dd1\u5230\u9694\u58c1\u53bb\u6797\u751f\u5df2\u7ecf\u51fa\u53bb\u4e86\u95e8\u6ca1\u5173\u773c\u5e02\u4ed6\u63a8\u95e8\u770b\u4e86\u4e00\u773c\u623f\u95f4\u91cc\u6ca1\u4eba\u5fa1\u65f6\u706f\u4eae\u7740\u8d76\u7d27\u56ed\u6b04\u4f3c\u4e4e\u5728\u6d17\u6fa1\u627f\u7159\u897f\u6c60\u4e5f\u4e86\u4e0b\u6b63\u51c6\u5907\u79bb\u5f00\u5c31\u7a81\u7136\u542c\u8fd0\u52bf\u91cc\u78b0\u4e86\u4e00\u58f0\u4ed6\u8138\u8272\u4e00\u904d\u90fd\u6765\u4e0d\u53ca\u601d\u8003\u5c31\u901a\u8fc7\u53bb\u649e\u5f00\u4e86\u95e8\u4f60\u4eec\u662f\u5427\u77ed\u6682\u7684\u75ab\u82d7\u540e\u4ed6\u6beb\u4e0d\u7531\u4e8e\u5f97\u7528\u95e8\u7684\u964d\u95e8\u62c9\u4e0a\u4e86\u627f\u7159\u897f\u7ad9\u5728\u95e8\u53e3\u8fde\u7ea2\u7684\u4f4e\u978b\u8166\u5e26\u91cc\u4e00\u7247\u7a7a\u767d\u95e8\u91cc\u95e8\u5916\u4e00\u7247\u8bb0\u7d27\u7247\u523b\u540e\u7537\u4eba\u4f18\u4f51\u7684\u58f0\u97f3\u60f3\u8d77\u53ea\u662f\u4e0d\u5c0f\u5fc3\u84dd\u6728\u4f51\u964b\u76c6\u627f\u7159\u897f\u63a5\u7740\u5df4\u5df4\u7684\u56de\u5e94\u6211\u77e5\u9053\u4e86\u8d6b\u4e91\u5170\u8f7b\u4e86\u8f7b\u5ac2\u5b50\u4f60\u6765\u505a\u4ec0\u4e48\u6211\u662f\u60f3\u6765\u8d76\u7d27\u70e6\u5c3d\u4e8b\u5c31\u662f\u90a3\u4e2a\u6211\u5df4\u8981\u662f\u627e\u4f60\u5e2e\u5fd9\u8d6b\u4e91\u5170\u8f6e\u5ef6\u7eaf\u811a\u7f51\u4e0b\u538b\u4e86\u538b\u5fc3\u91cc\u4e0d\u77e5\u4e3a\u4f55\u6709\u4e9b\u5931\u671b\u521a\u521a\u90a3\u4e00\u70b9\u5fae\u5c0f\u7684\u8bb0\u52a8\u90fd\u6d88\u6563\u65e0\u8e2a\u4e86\u5916\u9762\u90fd\u8bf4\u4ed6\u8981\u6b7b\u4e86\u8fd8\u8bf4\u4ed6\u662f\u98ce\u5b50\u6027\u683c\u66b4\u529b\u6b8b\u9177\u51b7\u8840\u5728\u8fd9\u6837\u7684\u60c5\u51b5\u4e0b\u4ed6\u613f\u610f\u5ac1\u8fdb\u6765\u6709\u6240\u6c42\u4e0d\u662f\u4ec0\u4e48\u8ba9\u4eba\u610f\u5916\u7684\u4e8b", "segments": [{"id": 0, "seek": 0, "start": 0.0, "end": 1.2, "text": "\u627f\u7159\u897f\u65ad\u6302\u65ad\u7535\u8bdd", "tokens": [50364, 3416, 123, 17867, 247, 16220, 4307, 255, 8501, 224, 4307, 255, 42182, 21596, 50424], "temperature": 0.0, "avg_logprob": -0.38095781114366317, "compression_ratio": 1.35423197492163, "no_speech_prob": 0.24956515431404114}, {"id": 1, "seek": 0, "start": 1.2, "end": 2.7600000000000002, "text": "\u7a81\u7136\u60f3\u8d77\u8fd8\u6ca1\u63d0\u9192\u8d76\u7d27\u56ed\u6b04", "tokens": [50424, 40859, 5823, 7093, 9147, 14852, 10062, 20949, 40796, 5266, 114, 7732, 100, 3919, 255, 5988, 226, 50502], "temperature": 0.0, "avg_logprob": -0.38095781114366317, "compression_ratio": 1.35423197492163, "no_speech_prob": 0.24956515431404114}, {"id": 2, "seek": 0, "start": 2.7600000000000002, "end": 4.2, "text": "\u4e8e\u662f\u53c8\u8d77\u8eab\u8dd1\u5230\u9694\u58c1\u53bb", "tokens": [50502, 37732, 1541, 17047, 9147, 19847, 32585, 4511, 165, 1206, 12829, 223, 6734, 50574], "temperature": 0.0, "avg_logprob": -0.38095781114366317, "compression_ratio": 1.35423197492163, "no_speech_prob": 0.24956515431404114}, {"id": 3, "seek": 0, "start": 4.2, "end": 5.2, "text": "\u6797\u751f\u5df2\u7ecf\u51fa\u53bb\u4e86", "tokens": [50574, 32063, 8244, 49161, 7781, 45190, 50624], "temperature": 0.0, "avg_logprob": -0.38095781114366317, "compression_ratio": 1.35423197492163, "no_speech_prob": 0.24956515431404114}, {"id": 4, "seek": 0, "start": 5.2, "end": 6.0, "text": "\u95e8\u6ca1\u5173\u773c\u5e02", "tokens": [50624, 8259, 101, 10062, 28053, 25281, 27261, 50664], "temperature": 0.0, "avg_logprob": -0.38095781114366317, "compression_ratio": 1.35423197492163, "no_speech_prob": 0.24956515431404114}, {"id": 5, "seek": 0, "start": 6.0, "end": 6.96, "text": "\u4ed6\u63a8\u95e8\u770b\u4e86\u4e00\u773c", "tokens": [50664, 5000, 33597, 8259, 101, 4200, 2289, 2257, 25281, 50712], "temperature": 0.0, "avg_logprob": -0.38095781114366317, "compression_ratio": 1.35423197492163, "no_speech_prob": 0.24956515431404114}, {"id": 6, "seek": 0, "start": 6.96, "end": 7.6000000000000005, "text": "\u623f\u95f4\u91cc\u6ca1\u4eba", "tokens": [50712, 38242, 31685, 15759, 10062, 4035, 50744], "temperature": 0.0, "avg_logprob": -0.38095781114366317, "compression_ratio": 1.35423197492163, "no_speech_prob": 0.24956515431404114}, {"id": 7, "seek": 0, "start": 7.6000000000000005, "end": 8.4, "text": "\u5fa1\u65f6\u706f\u4eae\u7740", "tokens": [50744, 2172, 94, 15729, 13290, 107, 22991, 20708, 50784], "temperature": 0.0, "avg_logprob": -0.38095781114366317, "compression_ratio": 1.35423197492163, "no_speech_prob": 0.24956515431404114}, {"id": 8, "seek": 0, "start": 8.4, "end": 9.56, "text": "\u8d76\u7d27\u56ed\u6b04\u4f3c\u4e4e\u5728\u6d17\u6fa1", "tokens": [50784, 5266, 114, 7732, 100, 3919, 255, 5988, 226, 7384, 120, 2930, 236, 3581, 43252, 25621, 94, 50842], "temperature": 0.0, "avg_logprob": -0.38095781114366317, "compression_ratio": 1.35423197492163, "no_speech_prob": 0.24956515431404114}, {"id": 9, "seek": 0, "start": 9.56, "end": 10.64, "text": "\u627f\u7159\u897f\u6c60\u4e5f\u4e86\u4e0b", "tokens": [50842, 3416, 123, 17867, 247, 16220, 12800, 254, 6404, 2289, 4438, 50896], "temperature": 0.0, "avg_logprob": -0.38095781114366317, "compression_ratio": 1.35423197492163, "no_speech_prob": 0.24956515431404114}, {"id": 10, "seek": 0, "start": 10.64, "end": 11.36, "text": "\u6b63\u51c6\u5907\u79bb\u5f00", "tokens": [50896, 15789, 6336, 228, 1787, 229, 18614, 119, 18937, 50932], "temperature": 0.0, "avg_logprob": -0.38095781114366317, "compression_ratio": 1.35423197492163, "no_speech_prob": 0.24956515431404114}, {"id": 11, "seek": 0, "start": 11.36, "end": 12.8, "text": "\u5c31\u7a81\u7136\u542c\u8fd0\u52bf\u91cc\u78b0\u4e86\u4e00\u58f0", "tokens": [50932, 3111, 40859, 5823, 31022, 3316, 238, 5087, 123, 15759, 16337, 108, 2289, 2257, 32045, 51004], "temperature": 0.0, "avg_logprob": -0.38095781114366317, "compression_ratio": 1.35423197492163, "no_speech_prob": 0.24956515431404114}, {"id": 12, "seek": 0, "start": 12.8, "end": 13.48, "text": "\u4ed6\u8138\u8272\u4e00\u904d", "tokens": [51004, 5000, 164, 20600, 17673, 2257, 3330, 235, 51038], "temperature": 0.0, "avg_logprob": -0.38095781114366317, "compression_ratio": 1.35423197492163, "no_speech_prob": 0.24956515431404114}, {"id": 13, "seek": 0, "start": 13.48, "end": 15.120000000000001, "text": "\u90fd\u6765\u4e0d\u53ca\u601d\u8003\u5c31\u901a\u8fc7\u53bb\u649e\u5f00\u4e86\u95e8", "tokens": [51038, 7182, 6912, 1960, 25703, 8870, 26504, 3111, 19550, 16866, 6734, 20559, 252, 18937, 2289, 8259, 101, 51120], "temperature": 0.0, "avg_logprob": -0.38095781114366317, "compression_ratio": 1.35423197492163, "no_speech_prob": 0.24956515431404114}, {"id": 14, "seek": 0, "start": 15.120000000000001, "end": 15.88, "text": "\u4f60\u4eec\u662f\u5427", "tokens": [51120, 29806, 1541, 6062, 51158], "temperature": 0.0, "avg_logprob": -0.38095781114366317, "compression_ratio": 1.35423197492163, "no_speech_prob": 0.24956515431404114}, {"id": 15, "seek": 0, "start": 15.88, "end": 16.84, "text": "\u77ed\u6682\u7684\u75ab\u82d7\u540e", "tokens": [51158, 5881, 255, 23826, 224, 1546, 31670, 13736, 245, 13547, 51206], "temperature": 0.0, "avg_logprob": -0.38095781114366317, "compression_ratio": 1.35423197492163, "no_speech_prob": 0.24956515431404114}, {"id": 16, "seek": 0, "start": 16.84, "end": 18.48, "text": "\u4ed6\u6beb\u4e0d\u7531\u4e8e\u5f97\u7528\u95e8\u7684\u964d\u95e8\u62c9\u4e0a\u4e86", "tokens": [51206, 5000, 7256, 104, 1960, 23786, 37732, 5916, 9254, 8259, 101, 1546, 47421, 8259, 101, 29717, 5708, 2289, 51288], "temperature": 0.0, "avg_logprob": -0.38095781114366317, "compression_ratio": 1.35423197492163, "no_speech_prob": 0.24956515431404114}, {"id": 17, "seek": 0, "start": 18.48, "end": 19.64, "text": "\u627f\u7159\u897f\u7ad9\u5728\u95e8\u53e3", "tokens": [51288, 3416, 123, 17867, 247, 16220, 34155, 3581, 8259, 101, 18144, 51346], "temperature": 0.0, "avg_logprob": -0.38095781114366317, "compression_ratio": 1.35423197492163,