{
  "text": "我安服到,一先冷氣,保證不喊我就送手名罪升息一口氣,用力點頭,我剛送開手他就見不充到門口,確認四下無人後又集充充者反回來小街怎麼突然有這個念頭他集到直錯手,我一邊從一同立起身一邊說SIR的公子,那風流替坦的好名聲名罪你可聽說過,名罪地來一上,記輝胡到配什麼好名聲?就是說說四重點話若草的浪當死,看來你也知道嗎?我笑著瓜了瓜的筆良,那你覺得?李嘉小姐嫁給這種人有好日子過,名罪從沒苦臉可,可二公子,好歹是後腐少眼,總比計師把你隨便去跟兩根到滿長隨的傷人,當天風強那想辦法退婚呢?不可能的,兩也不會大眼我踏了口氣,名罪說的對,這門親是沒有信員手肯即是一個人做不了主,謝嘉為一打而自謝嘉語是謝元和記輸在外層什麼的,如今在丁度當個小官謝嘉雖然有錢,但在京城這底界,商人中就低人一等我和謝嘉堂這兩輪玩,不過是謝元點而自破落的電角失敗了名罪取出要高,小心意義為我上要和小姐又是逃",
  "segments": [
    {
      "id": 0,
      "seek": 0,
      "start": 0.0,
      "end": 3.62,
      "text": "我安服到,一先冷氣,保證不喊我就送手",
      "tokens": [
        50364,
        1654,
        16206,
        27408,
        4511,
        11,
        2257,
        10108,
        32499,
        24090,
        11,
        24302,
        11823,
        231,
        1960,
        5234,
        232,
        22020,
        29309,
        11389,
        50545
      ],
      "temperature": 0.0,
      "avg_logprob": -0.5636326182972301,
      "compression_ratio": 1.3333333333333333,
      "no_speech_prob": 0.06369444727897644
    },
    {
      "id": 1,
      "seek": 0,
      "start": 3.62,
      "end": 6.42,
      "text": "名罪升息一口氣,用力點頭,我剛送開手",
      "tokens": [
        50545,
        15940,
        16469,
        103,
        41670,
        26460,
        2257,
        18144,
        24090,
        11,
        9254,
        13486,
        8216,
        19921,
        11,
        1654,
        16940,
        29309,
        8949,
        11389,
        50685
      ],
      "temperature": 0.0,
      "avg_logprob": -0.5636326182972301,
      "compression_ratio": 1.3333333333333333,
      "no_speech_prob": 0.06369444727897644
    },
    {
      "id": 2,
      "seek": 0,
      "start": 6.42,
      "end": 10.0,
      "text": "他就見不充到門口,確認四下無人後又集充充者反回來",
      "tokens": [
        50685,
        5000,
        3111,
        10470,
        1960,
        2347,
        227,
        4511,
        37232,
        18144,
        11,
        24293,
        22041,
        19425,
        4438,
        16976,
        4035,
        5661,
        17047,
        26020,
        2347,
        227,
        2347,
        227,
        12444,
        22138,
        46556,
        50864
      ],
      "temperature": 0.0,
      "avg_logprob": -0.5636326182972301,
      "compression_ratio": 1.3333333333333333,
      "no_speech_prob": 0.06369444727897644
    },
    {
      "id": 3,
      "seek": 0,
      "start": 10.0,
      "end": 11.66,
      "text": "小街怎麼突然有這個念頭",
      "tokens": [
        50864,
        7322,
        42529,
        11614,
        40859,
        5823,
        2412,
        6287,
        33679,
        19921,
        50947
      ],
      "temperature": 0.0,
      "avg_logprob": -0.5636326182972301,
      "compression_ratio": 1.3333333333333333,
      "no_speech_prob": 0.06369444727897644
    },
    {
      "id": 4,
      "seek": 0,
      "start": 11.66,
      "end": 14.14,
      "text": "他集到直錯手,我一邊從一同立起身一邊說",
      "tokens": [
        50947,
        5000,
        26020,
        4511,
        16186,
        13133,
        11389,
        11,
        1654,
        2257,
        14901,
        21068,
        2257,
        13089,
        24409,
        9147,
        19847,
        2257,
        14901,
        4622,
        51071
      ],
      "temperature": 0.0,
      "avg_logprob": -0.5636326182972301,
      "compression_ratio": 1.3333333333333333,
      "no_speech_prob": 0.06369444727897644
    },
    {
      "id": 5,
      "seek": 0,
      "start": 14.14,
      "end": 17.42,
      "text": "SIR的公子,那風流替坦的好名聲",
      "tokens": [
        51071,
        50,
        7740,
        1546,
        13545,
        7626,
        11,
        4184,
        22713,
        27854,
        9531,
        123,
        14872,
        99,
        1546,
        2131,
        15940,
        29454,
        51235
      ],
      "temperature": 0.0,
      "avg_logprob": -0.5636326182972301,
      "compression_ratio": 1.3333333333333333,
      "no_speech_prob": 0.06369444727897644
    },
    {
      "id": 6,
      "seek": 0,
      "start": 17.42,
      "end": 20.78,
      "text": "名罪你可聽說過,名罪地來一上,記輝胡到",
      "tokens": [
        51235,
        15940,
        16469,
        103,
        2166,
        4429,
        21524,
        4622,
        8816,
        11,
        15940,
        16469,
        103,
        10928,
        3763,
        2257,
        5708,
        11,
        16958,
        12290,
        251,
        43861,
        4511,
        51403
      ],
      "temperature": 0.0,
      "avg_logprob": -0.5636326182972301,
      "compression_ratio": 1.3333333333333333,
      "no_speech_prob": 0.06369444727897644
    },
    {
      "id": 7,
      "seek": 0,
      "start": 20.78,
      "end": 22.16,
      "text": "配什麼好名聲?",
      "tokens": [
        51403,
        38846,
        7598,
        2131,
        15940,
        29454,
        30,
        51472
      ],
      "temperature": 0.0,
      "avg_logprob": -0.5636326182972301,
      "compression_ratio": 1.3333333333333333,
      "no_speech_prob": 0.06369444727897644
    },
    {
      "id": 8,
      "seek": 0,
      "start": 22.16,
      "end": 25.76,
      "text": "就是說說四重點話若草的浪當死,看來你也知道嗎?",
      "tokens": [
        51472,
        5620,
        4622,
        4622,
        19425,
        12624,
        8216,
        11103,
        13736,
        98,
        31409,
        231,
        1546,
        11038,
        103,
        13118,
        16989,
        11,
        4200,
        3763,
        2166,
        6404,
        7758,
        7434,
        30,
        51652
      ],
      "temperature": 0.0,
      "avg_logprob": -0.5636326182972301,
      "compression_ratio": 1.3333333333333333,
      "no_speech_prob": 0.06369444727897644
    },
    {
      "id": 9,
      "seek": 0,
      "start": 25.76,
      "end": 28.16,
      "text": "我笑著瓜了瓜的筆良,那你覺得?",
      "tokens": [
        51652,
        1654,
        11600,
        19382,
        36727,
        2289,
        36727,
        1546,
        7973,
        228,
        33950,
        11,
        4184,
        2166,
        11274,
        30,
        51772
      ],
      "temperature": 0.0,
      "avg_logprob": -0.5636326182972301,
      "compression_ratio": 1.3333333333333333,
      "no_speech_prob": 0.06369444727897644
    },
    {
      "id": 10,
      "seek": 2816,
      "start": 28.16,
      "end": 32.26,
      "text": "李嘉小姐嫁給這種人有好日子過,名罪從沒苦臉",
      "tokens": [
        50364,
        31206,
        49899,
        7322,
        18102,
        38291,
        223,
        17798,
        33005,
        4035,
        2412,
        2131,
        6890,
        7626,
        8816,
        11,
        15940,
        16469,
        103,
        21068,
        4913,
        30300,
        6784,
        231,
        50569
      ],
      "temperature": 0.0,
      "avg_logprob": -0.4697954687058116,
      "compression_ratio": 1.3365853658536586,
      "no_speech_prob": 0.0031331696081906557
    },
    {
      "id": 11,
      "seek": 2816,
      "start": 32.26,
      "end": 35.72,
      "text": "可,可二公子,好歹是後腐少眼,總比計師",
      "tokens": [
        50569,
        4429,
        11,
        4429,
        11217,
        13545,
        7626,
        11,
        2131,
        4287,
        117,
        1541,
        5661,
        21184,
        238,
        15686,
        25281,
        11,
        26575,
        11706,
        30114,
        16276,
        50742
      ],
      "temperature": 0.0,
      "avg_logprob": -0.4697954687058116,
      "compression_ratio": 1.3365853658536586,
      "no_speech_prob": 0.0031331696081906557
    },
    {
      "id": 12,
      "seek": 2816,
      "start": 35.72,
      "end": 38.66,
      "text": "把你隨便去跟兩根到滿長隨的傷人,當天風強",