{"text": "\u4f60\u4e00\u500b\u4e3b\u5c0e\u91ab\u751f\u624b\u81c2\u4ec0\u9ebc\u90fd\u91cd\u8981\u4f60\u70ba\u4ec0\u9ebc\u8981\u53d7\u9019\u9ebc\u91cd\u7684\u50b7\u4f60\u73fe\u5728\u5f04\u6210\u9019\u526f\u6a23\u5b50\u60a3\u8005\u53ef\u600e\u9ebc\u8fa6\u6211\u7565\u5f85\u9a5a\u8a1d\u5730\u8abf\u4e86\u689d\u5a92\u62b1\u6b49\u6211\u5f9e\u6b64\u70ba\u4f60\u9001\u4f86\u7684\u65e9\u98ef\u5f8c\u5c31\u4e00\u76f4\u6295\u5165\u6240\u4ee5\u624d\u4e0d\u5c0f\u5fc3\u7761\u5230\u81f3\u65bc\u60a3\u8005\u525b\u525b\u4f60\u4e0d\u662f\u8aaa\u9662\u9577\u8981\u628a\u6a5f\u6703\u7d66\u4f60\u55ce\u4f60\u53bb\u624b\u8853\u5c31\u597d\u4e86\u9019\u5c0d\u4f60\u53ef\u662f\u4e00\u6b21\u6311\u6230\u7684\u6a5f\u6703\u53ef\u53ef\u6211\u76f8\u4fe1\u4f60\u80fd\u884c\u7684\u5f90\u79d1\u53ef\u4ee5\u5f35\u81c9\u6c23\u7684\u901a\u7d05\u8981\u7259\u6c23\u6301\u534a\u5929\u537b\u6c92\u80fd\u8aaa\u51fa\u534a\u500b\u4e0d\u81ea\u6211\u5011\u5916\u79d1\u91ab\u751f\u5728\u4e00\u6b21\u6b21\u5b78\u7fd2\u548c\u5be6\u8e10\u4e2d\u65e9\u5c31\u628a\u81ea\u5df1\u7684\u624b\u57f9\u990a\u6210\u4e86\u6700\u7d93\u6b77\u7684\u4e00\u5207\u62ff\u8d77\u624b\u8853\u5200\u5c31\u4e0d\u8a31\u51fa\u4e00\u534a\u5206\u5dee\u932f\u5982\u4eca\u6211\u624b\u842c\u7a2e\u7684\u5165\u901a\u6eff\u75db\u6211\u5011\u6709\u4efb\u4f55\u90fd\u6c92\u4efb\u80fd\u6307\u8cac\u4e0d\u63a5\u9019\u5834\u624b\u8853\u5373\u6b64\u5931\u6557\u7684\u5f90\u79d1\u53ef\u53ca\u7684\u6eff\u7269\u4e82\u8f49\u6b64\u6642\u6211\u7684\u624b\u6a5f\u4e01\u52d5\u8b70\u7a0b\u770b\u8457\u670b\u53cb\u767c\u4f86\u7684\u4fe1\u606f\u6211\u7684\u67b6\u982d\u6df1\u6df1\u660e\u8d77", "segments": [{"id": 0, "seek": 0, "start": 0.0, "end": 1.28, "text": "\u4f60\u4e00\u500b\u4e3b\u5c0e\u91ab\u751f", "tokens": [50364, 2166, 8990, 13557, 25647, 48351, 8244, 50428], "temperature": 0.0, "avg_logprob": -0.33774219173015935, "compression_ratio": 1.3704735376044568, "no_speech_prob": 0.048361703753471375}, {"id": 1, "seek": 0, "start": 1.28, "end": 2.56, "text": "\u624b\u81c2\u4ec0\u9ebc\u90fd\u91cd\u8981", "tokens": [50428, 11389, 6784, 224, 7598, 7182, 24928, 50492], "temperature": 0.0, "avg_logprob": -0.33774219173015935, "compression_ratio": 1.3704735376044568, "no_speech_prob": 0.048361703753471375}, {"id": 2, "seek": 0, "start": 2.56, "end": 4.16, "text": "\u4f60\u70ba\u4ec0\u9ebc\u8981\u53d7\u9019\u9ebc\u91cd\u7684\u50b7", "tokens": [50492, 2166, 18987, 4275, 23151, 21269, 12624, 1546, 41323, 50572], "temperature": 0.0, "avg_logprob": -0.33774219173015935, "compression_ratio": 1.3704735376044568, "no_speech_prob": 0.048361703753471375}, {"id": 3, "seek": 0, "start": 4.16, "end": 5.5600000000000005, "text": "\u4f60\u73fe\u5728\u5f04\u6210\u9019\u526f\u6a23\u5b50", "tokens": [50572, 2166, 12648, 5702, 226, 11336, 2664, 5935, 107, 6180, 7626, 50642], "temperature": 0.0, "avg_logprob": -0.33774219173015935, "compression_ratio": 1.3704735376044568, "no_speech_prob": 0.048361703753471375}, {"id": 4, "seek": 0, "start": 5.5600000000000005, "end": 6.5600000000000005, "text": "\u60a3\u8005\u53ef\u600e\u9ebc\u8fa6", "tokens": [50642, 14696, 96, 12444, 4429, 42511, 50692], "temperature": 0.0, "avg_logprob": -0.33774219173015935, "compression_ratio": 1.3704735376044568, "no_speech_prob": 0.048361703753471375}, {"id": 5, "seek": 0, "start": 6.5600000000000005, "end": 8.28, "text": "\u6211\u7565\u5f85\u9a5a\u8a1d\u5730\u8abf\u4e86\u689d\u5a92", "tokens": [50692, 1654, 6904, 98, 18390, 24023, 248, 5396, 251, 10928, 32943, 2289, 31106, 44332, 240, 50778], "temperature": 0.0, "avg_logprob": -0.33774219173015935, "compression_ratio": 1.3704735376044568, "no_speech_prob": 0.048361703753471375}, {"id": 6, "seek": 0, "start": 8.28, "end": 9.28, "text": "\u62b1\u6b49", "tokens": [50778, 38382, 4287, 231, 50828], "temperature": 0.0, "avg_logprob": -0.33774219173015935, "compression_ratio": 1.3704735376044568, "no_speech_prob": 0.048361703753471375}, {"id": 7, "seek": 0, "start": 9.28, "end": 11.040000000000001, "text": "\u6211\u5f9e\u6b64\u70ba\u4f60\u9001\u4f86\u7684\u65e9\u98ef\u5f8c", "tokens": [50828, 1654, 21068, 17947, 6344, 2166, 29309, 3763, 1546, 21176, 45229, 5661, 50916], "temperature": 0.0, "avg_logprob": -0.33774219173015935, "compression_ratio": 1.3704735376044568, "no_speech_prob": 0.048361703753471375}, {"id": 8, "seek": 0, "start": 11.040000000000001, "end": 12.24, "text": "\u5c31\u4e00\u76f4\u6295\u5165", "tokens": [50916, 3111, 34448, 37094, 14028, 50976], "temperature": 0.0, "avg_logprob": -0.33774219173015935, "compression_ratio": 1.3704735376044568, "no_speech_prob": 0.048361703753471375}, {"id": 9, "seek": 0, "start": 12.24, "end": 13.68, "text": "\u6240\u4ee5\u624d\u4e0d\u5c0f\u5fc3\u7761\u5230", "tokens": [50976, 7239, 18888, 1960, 34021, 40490, 4511, 51048], "temperature": 0.0, "avg_logprob": -0.33774219173015935, "compression_ratio": 1.3704735376044568, "no_speech_prob": 0.048361703753471375}, {"id": 10, "seek": 0, "start": 13.68, "end": 14.92, "text": "\u81f3\u65bc\u60a3\u8005", "tokens": [51048, 20844, 19488, 14696, 96, 12444, 51110], "temperature": 0.0, "avg_logprob": -0.33774219173015935, "compression_ratio": 1.3704735376044568, "no_speech_prob": 0.048361703753471375}, {"id": 11, "seek": 0, "start": 14.92, "end": 15.96, "text": "\u525b\u525b\u4f60\u4e0d\u662f\u8aaa", "tokens": [51110, 32795, 2166, 7296, 4622, 51162], "temperature": 0.0, "avg_logprob": -0.33774219173015935, "compression_ratio": 1.3704735376044568, "no_speech_prob": 0.048361703753471375}, {"id": 12, "seek": 0, "start": 15.96, "end": 17.44, "text": "\u9662\u9577\u8981\u628a\u6a5f\u6703\u7d66\u4f60\u55ce", "tokens": [51162, 38358, 15353, 4275, 16075, 46520, 17798, 2166, 7434, 51236], "temperature": 0.0, "avg_logprob": -0.33774219173015935, "compression_ratio": 1.3704735376044568, "no_speech_prob": 0.048361703753471375}, {"id": 13, "seek": 0, "start": 17.44, "end": 18.88, "text": "\u4f60\u53bb\u624b\u8853\u5c31\u597d\u4e86", "tokens": [51236, 2166, 6734, 11389, 9890, 241, 3111, 12621, 51308], "temperature": 0.0, "avg_logprob": -0.33774219173015935, "compression_ratio": 1.3704735376044568, "no_speech_prob": 0.048361703753471375}, {"id": 14, "seek": 0, "start": 18.88, "end": 21.2, "text": "\u9019\u5c0d\u4f60\u53ef\u662f\u4e00\u6b21\u6311\u6230\u7684\u6a5f\u6703", "tokens": [51308, 2664, 2855, 2166, 4429, 1541, 27505, 49067, 23209, 1546, 46520, 51424], "temperature": 0.0, "avg_logprob": -0.33774219173015935, "compression_ratio": 1.3704735376044568, "no_speech_prob": 0.048361703753471375}, {"id": 15, "seek": 0, "start": 21.2, "end": 22.080000000000002, "text": "\u53ef\u53ef", "tokens": [51424, 4429, 4429, 51468], "temperature": 0.0, "avg_logprob": -0.33774219173015935, "compression_ratio": 1.3704735376044568, "no_speech_prob": 0.048361703753471375}, {"id": 16, "seek": 0, "start": 22.080000000000002, "end": 23.52, "text": "\u6211\u76f8\u4fe1\u4f60\u80fd\u884c\u7684", "tokens": [51468, 1654, 35428, 2166, 8225, 8082, 1546, 51540], "temperature": 0.0, "avg_logprob": -0.33774219173015935, "compression_ratio": 1.3704735376044568, "no_speech_prob": 0.048361703753471375}, {"id": 17, "seek": 0, "start": 23.52, "end": 25.16, "text": "\u5f90\u79d1\u53ef\u4ee5\u5f35\u81c9\u6c23\u7684\u901a\u7d05", "tokens": [51540, 2172, 238, 42091, 6723, 18889, 6784, 231, 24090, 1546, 19550, 33487, 51622], "temperature": 0.0, "avg_logprob": -0.33774219173015935, "compression_ratio": 1.3704735376044568, "no_speech_prob": 0.048361703753471375}, {"id": 18, "seek": 0, "start": 25.16, "end": 26.400000000000002, "text": "\u8981\u7259\u6c23\u6301\u534a\u5929", "tokens": [51622, 4275, 6935, 247, 24090, 17694, 30018, 6135, 51684], "temperature": 0.0, "avg_logprob": -0.33774219173015935, "compression_ratio": 1.3704735376044568, "no_speech_prob": 0.048361703753471375}, {"id": 19, "seek": 0, "start": 26.400000000000002, "end": 27.84, "text": "\u537b\u6c92\u80fd\u8aaa\u51fa\u534a\u500b\u4e0d\u81ea", "tokens": [51684, 5322, 119, 4913, 8225, 4622, 7781, 30018, 3338, 1960, 9722, 51756], "temperature": 0.0, "avg_logprob": -0.33774219173015935,