{"text": "\u539f\u6765\u5982\u6b64 \u539f\u6765\u4e0a\u4e00\u6b21\u8981\u6211\u4eec\u7684\u6740\u62db\u7adf\u7136\u662f\u8fd9\u4e48\u56de\u4e8b\u8bb8\u4e8b\u4ef6\u8bb8\u53ef\u53ef\u592a\u4e45\u6ca1\u6709\u56de\u53bb\u8fd0\u638c\u4eb2\u81ea\u8ddf\u7740\u8fc7\u6765\u770b\u5230\u987e\u5728\u5730\u4e0a\u79bb\u82b1\u5f85\u9047\u7684\u8bb8\u53ef\u53ef\u4ed6\u5fc3\u75bc\u5730\u4e4b\u90fd\u5b88\u8bb2\u662f\u4e00\u4f60\u8fd9\u662f\u5e72\u4ec0\u4e48\u4e3a\u4ec0\u4e48\u8981\u8ba9\u53ef\u53ef\u8dea\u4e0b\u6c42\u4f60\u5927\u5bb6\u90fd\u5728\u5fd9\u7740\u51c6\u5907\u624b\u672f\u4f60\u4f5c\u4e3a\u4f18\u79c0\u533b\u751f\u4ee3\u8868\u73b0\u5728\u529e\u516c\u5ba4\u674e\u641e\u9738\u7075\u6211\u771f\u662f\u770b\u9519\u4f60\u4e86\u8bf4\u5b8c \u5979\u6ca1\u7ed9\u6211\u4efb\u4f55\u89e3\u91ca\u7684\u673a\u4f1a\u5c31\u4e0a\u524d\u6293\u4f4f\u6211\u7684\u54e5\u4f2f\u5f3a\u884c\u628a\u6211\u4ece\u4f60\u81ea\u4e0a\u62c9\u8d77\u6765\u5feb\u53bb\u51c6\u5907\u51c6\u5907\u51c6\u8f6c\u9662\u8fc7\u6765\u7684\u60a3\u8005\u72c0\u6cc1\u5f88\u5dee\u5fc5\u987b\u9a6c\u4e0a\u624b\u672f\u770b\u7740\u88ab\u968f\u610f\u7740\u5728\u684c\u5b50\u4e0a\u7684\u60a3\u8005\u8d44\u6599\u6211\u5f88\u5f88\u8981\u52a9\u7259\u89c2\u5fc3\u4e2d\u5f88\u4e00\u756a\u52c7\u6211\u4ece\u6bd5\u4e1a\u540e\u5c31\u5728\u8fd9\u5bb6\u533b\u9662\u5de5\u4f5c\u4ece\u5b9e\u9645\u533b\u751f\u722c\u5230\u4e3b\u4efb\u533b\u5e08\u518d\u5230\u73b0\u5728\u7684\u4e3b\u5f53\u533b\u751f\u5176\u4e2d\u95f4\u5fc3\u4e0d\u5fc5\u51c6\u5904", "segments": [{"id": 0, "seek": 0, "start": 0.0, "end": 2.44, "text": "\u539f\u6765\u5982\u6b64 \u539f\u6765\u4e0a\u4e00\u6b21\u8981\u6211\u4eec\u7684\u6740\u62db", "tokens": [50364, 19683, 6912, 48487, 220, 19683, 6912, 5708, 27505, 4275, 15003, 1546, 4422, 222, 6852, 249, 50486], "temperature": 0.0, "avg_logprob": -0.3104081835065569, "compression_ratio": 1.3421828908554572, "no_speech_prob": 0.019260641187429428}, {"id": 1, "seek": 0, "start": 2.44, "end": 3.68, "text": "\u7adf\u7136\u662f\u8fd9\u4e48\u56de\u4e8b", "tokens": [50486, 11957, 253, 5823, 1541, 31889, 8350, 6973, 50548], "temperature": 0.0, "avg_logprob": -0.3104081835065569, "compression_ratio": 1.3421828908554572, "no_speech_prob": 0.019260641187429428}, {"id": 2, "seek": 0, "start": 3.68, "end": 5.6000000000000005, "text": "\u8bb8\u4e8b\u4ef6\u8bb8\u53ef\u53ef\u592a\u4e45\u6ca1\u6709\u56de\u53bb", "tokens": [50548, 7422, 116, 6973, 20485, 7422, 116, 4429, 4429, 9455, 25320, 17944, 49925, 50644], "temperature": 0.0, "avg_logprob": -0.3104081835065569, "compression_ratio": 1.3421828908554572, "no_speech_prob": 0.019260641187429428}, {"id": 3, "seek": 0, "start": 5.6000000000000005, "end": 6.96, "text": "\u8fd0\u638c\u4eb2\u81ea\u8ddf\u7740\u8fc7\u6765", "tokens": [50644, 3316, 238, 6900, 234, 49296, 9722, 9678, 20708, 16866, 6912, 50712], "temperature": 0.0, "avg_logprob": -0.3104081835065569, "compression_ratio": 1.3421828908554572, "no_speech_prob": 0.019260641187429428}, {"id": 4, "seek": 0, "start": 6.96, "end": 9.0, "text": "\u770b\u5230\u987e\u5728\u5730\u4e0a\u79bb\u82b1\u5f85\u9047\u7684\u8bb8\u53ef\u53ef", "tokens": [50712, 18032, 10178, 122, 3581, 10928, 5708, 18614, 119, 20127, 18390, 3330, 229, 1546, 7422, 116, 4429, 4429, 50814], "temperature": 0.0, "avg_logprob": -0.3104081835065569, "compression_ratio": 1.3421828908554572, "no_speech_prob": 0.019260641187429428}, {"id": 5, "seek": 0, "start": 9.0, "end": 10.32, "text": "\u4ed6\u5fc3\u75bc\u5730\u4e4b\u90fd\u5b88", "tokens": [50814, 5000, 7945, 18140, 120, 10928, 9574, 7182, 48480, 50880], "temperature": 0.0, "avg_logprob": -0.3104081835065569, "compression_ratio": 1.3421828908554572, "no_speech_prob": 0.019260641187429428}, {"id": 6, "seek": 0, "start": 10.32, "end": 11.28, "text": "\u8bb2\u662f\u4e00", "tokens": [50880, 39255, 1541, 2257, 50928], "temperature": 0.0, "avg_logprob": -0.3104081835065569, "compression_ratio": 1.3421828908554572, "no_speech_prob": 0.019260641187429428}, {"id": 7, "seek": 0, "start": 11.28, "end": 12.64, "text": "\u4f60\u8fd9\u662f\u5e72\u4ec0\u4e48", "tokens": [50928, 2166, 27455, 26111, 10440, 50996], "temperature": 0.0, "avg_logprob": -0.3104081835065569, "compression_ratio": 1.3421828908554572, "no_speech_prob": 0.019260641187429428}, {"id": 8, "seek": 0, "start": 12.64, "end": 15.0, "text": "\u4e3a\u4ec0\u4e48\u8981\u8ba9\u53ef\u53ef\u8dea\u4e0b\u6c42\u4f60", "tokens": [50996, 31006, 4275, 33650, 4429, 4429, 6563, 103, 4438, 32718, 2166, 51114], "temperature": 0.0, "avg_logprob": -0.3104081835065569, "compression_ratio": 1.3421828908554572, "no_speech_prob": 0.019260641187429428}, {"id": 9, "seek": 0, "start": 15.0, "end": 17.32, "text": "\u5927\u5bb6\u90fd\u5728\u5fd9\u7740\u51c6\u5907\u624b\u672f", "tokens": [51114, 46525, 3581, 48839, 20708, 6336, 228, 1787, 229, 11389, 1474, 107, 51230], "temperature": 0.0, "avg_logprob": -0.3104081835065569, "compression_ratio": 1.3421828908554572, "no_speech_prob": 0.019260641187429428}, {"id": 10, "seek": 0, "start": 17.32, "end": 19.6, "text": "\u4f60\u4f5c\u4e3a\u4f18\u79c0\u533b\u751f\u4ee3\u8868", "tokens": [51230, 2166, 11914, 13992, 7384, 246, 8204, 222, 9937, 119, 8244, 19105, 17571, 51344], "temperature": 0.0, "avg_logprob": -0.3104081835065569, "compression_ratio": 1.3421828908554572, "no_speech_prob": 0.019260641187429428}, {"id": 11, "seek": 0, "start": 19.6, "end": 21.8, "text": "\u73b0\u5728\u529e\u516c\u5ba4\u674e\u641e\u9738\u7075", "tokens": [51344, 25040, 39453, 13545, 2415, 97, 31206, 41816, 18594, 116, 13290, 113, 51454], "temperature": 0.0, "avg_logprob": -0.3104081835065569, "compression_ratio": 1.3421828908554572, "no_speech_prob": 0.019260641187429428}, {"id": 12, "seek": 0, "start": 21.8, "end": 23.56, "text": "\u6211\u771f\u662f\u770b\u9519\u4f60\u4e86", "tokens": [51454, 1654, 6303, 1541, 4200, 29900, 2166, 2289, 51542], "temperature": 0.0, "avg_logprob": -0.3104081835065569, "compression_ratio": 1.3421828908554572, "no_speech_prob": 0.019260641187429428}, {"id": 13, "seek": 0, "start": 23.56, "end": 26.080000000000002, "text": "\u8bf4\u5b8c \u5979\u6ca1\u7ed9\u6211\u4efb\u4f55\u89e3\u91ca\u7684\u673a\u4f1a", "tokens": [51542, 8090, 14128, 220, 15555, 10062, 49076, 26443, 11906, 17278, 5873, 232, 1546, 37960, 12949, 51668], "temperature": 0.0, "avg_logprob": -0.3104081835065569, "compression_ratio": 1.3421828908554572, "no_speech_prob": 0.019260641187429428}, {"id": 14, "seek": 0, "start": 26.080000000000002, "end": 27.52, "text": "\u5c31\u4e0a\u524d\u6293\u4f4f\u6211\u7684\u54e5\u4f2f", "tokens": [51668, 3111, 5708, 8945, 43069, 21632, 14200, 14078, 7384, 107, 51740], "temperature": 0.0, "avg_logprob": -0.3104081835065569, "compression_ratio": 1.3421828908554572, "no_speech_prob": 0.019260641187429428}, {"id": 15, "seek": 0, "start": 27.52, "end": 29.12, "text": "\u5f3a\u884c\u628a\u6211\u4ece\u4f60\u81ea\u4e0a\u62c9\u8d77\u6765", "tokens": [51740, 5702, 118, 8082, 16075, 1654, 35630, 2166, 9722, 5708, 29717, 9147, 6912, 51820], "temperature": 0.0, "avg_logprob": -0.3104081835065569, "compression_ratio": 1.3421828908554572, "no_speech_prob": 0.019260641187429428}, {"id": 16, "seek": 2912, "start": 29.12, "end": 32.24, "text": "\u5feb\u53bb\u51c6\u5907\u51c6\u5907\u51c6\u8f6c\u9662\u8fc7\u6765\u7684\u60a3\u8005", "tokens": [50364, 10251, 6734, 6336, 228, 1787, 229, 6336, 228, 1787, 229, 6336, 228, 17819, 105, 38358, 16866, 6912, 1546, 14696, 96, 12444, 50520], "temperature": 0.0, "avg_logprob": -0.34515767817874604, "compression_ratio": 1.2567567567567568, "no_speech_prob": 0.00144537806045264}, {"id": 17, "seek": 2912, "start": 32.24, "end": 33.44, "text": "\u72c0\u6cc1\u5f88\u5dee", "tokens": [50520, 18637, 222, 30772, 4563, 21679, 50580], "temperature": 0.0, "avg_logprob": -0.34515767817874604, "compression_ratio": 1.2567567567567568, "no_speech_prob": 0.00144537806045264}, {"id": 18, "seek": 2912, "start": 33.44, "end": 35.160000000000004, "text": "\u5fc5\u987b\u9a6c\u4e0a\u624b\u672f", "tokens": [50580, 28531, 10178, 119, 49970, 5708, 11389, 1474, 107, 50666],