{"text": "\u8fd9\u6837\u7684\u72b6\u6001\u5c31\u7b97\u6253\u4e86\u6307\u901a\u9488\u4e5f\u62ff\u4e0d\u6e29\u5b88\u6570\u5200\u73b0\u5728\u8ba9\u8bf7\u533b\u751f\u53bb\u4e3b\u5200\u65e0\u7591\u4e8e\u6740\u4eba\u4e00\u65f6\u95f4\u529e\u516c\u5ba4\u7684\u4e00\u7247\u673a\u673a\u865a\u53ef\u53ef\u671f\u7684\u9762\u76ee\u4e89\u660e\u53cc\u624b\u7d27\u63e1\u6210\u6743\u7259\u5f97\u5feb\u8981\u788e\u4e86\u6211\u770b\u7740\u795e\u8272\u5404\u4e00\u7684\u51e0\u4eba\u4ece\u529e\u516c\u684c\u91cc\u62bd\u51fa\u5f20\u60c5\u4ef7\u6761\u9662\u957f\u6211\u7684\u72b6\u51b5\u4f60\u4e5f\u770b\u5230\u4e86\u8fd9\u51e0\u5929\u6211\u62ff\u4e0d\u61c2\u7684\u6211\u8bf7\u5047\u4e00\u5468\u9662\u957f\u4e0d\u7740\u5f88\u6fc0\u7ffb\u4e86\u4e2a\u767d\u773c\u5374\u53c8\u5f3a\u8feb\u81ea\u5df1\u7684\u51fa\u4e00\u8fde\u9879\u9f99\u8bb2\u533b\u751f\u4f60\u53ef\u662f\u54b1\u4eec\u533b\u9662\u5e26\u4ef7\u5b69\u5b50\u91d1\u51c9\u6ca1\u4f60\u5728\u5927\u5bb6\u90fd\u4e0d\u653e\u5fc3\u6211\u770b\u8fd9\u4ef6\u4e8b\u8fd8\u6ca1\u7b49\u4ed6\u8bf4\u5b8c\u6211\u53d8\u70b9\u4e2a\u70b9\u5934\u90a3\u6211\u4e0d\u8bf7\u5047\u4e86\u6211\u867d\u7136\u4e0d\u80fd\u4e3b\u5f53\u4f46\u95ee\u7740\u8fd8\u662f\u6ca1\u95ee\u9898\u7684\u53ef\u53ef\u4f60\u8fd8\u80fd\u8fd9\u4e2a\u4ec0\u4e48\u521a\u521a\u4f60\u4e0d\u662f\u8bf4\u6362\u7740\u60c5\u51b5\u7d27\u6025\u5417\u5feb\u53bb\u5427\u865a\u53ef\u53ef\u6068\u6068\u52a8\u7684\u552f\u4e00\u6068\u6068\u5bf9\u7740\u811a\u8d70\u4e86", "segments": [{"id": 0, "seek": 0, "start": 0.0, "end": 2.32, "text": "\u8fd9\u6837\u7684\u72b6\u6001\u5c31\u7b97\u6253\u4e86\u6307\u901a\u9488", "tokens": [50364, 5562, 14496, 1546, 35276, 114, 3757, 223, 3111, 19497, 12467, 2289, 25922, 19550, 25153, 230, 50480], "temperature": 0.0, "avg_logprob": -0.43147103140287313, "compression_ratio": 1.3333333333333333, "no_speech_prob": 0.10115993022918701}, {"id": 1, "seek": 0, "start": 2.32, "end": 3.8000000000000003, "text": "\u4e5f\u62ff\u4e0d\u6e29\u5b88\u6570\u5200", "tokens": [50480, 6404, 24351, 1960, 9592, 102, 48480, 33188, 2437, 222, 50554], "temperature": 0.0, "avg_logprob": -0.43147103140287313, "compression_ratio": 1.3333333333333333, "no_speech_prob": 0.10115993022918701}, {"id": 2, "seek": 0, "start": 3.8000000000000003, "end": 5.88, "text": "\u73b0\u5728\u8ba9\u8bf7\u533b\u751f\u53bb\u4e3b\u5200", "tokens": [50554, 25040, 33650, 27908, 9937, 119, 8244, 6734, 13557, 2437, 222, 50658], "temperature": 0.0, "avg_logprob": -0.43147103140287313, "compression_ratio": 1.3333333333333333, "no_speech_prob": 0.10115993022918701}, {"id": 3, "seek": 0, "start": 5.88, "end": 7.12, "text": "\u65e0\u7591\u4e8e\u6740\u4eba", "tokens": [50658, 31364, 18140, 239, 37732, 4422, 222, 4035, 50720], "temperature": 0.0, "avg_logprob": -0.43147103140287313, "compression_ratio": 1.3333333333333333, "no_speech_prob": 0.10115993022918701}, {"id": 4, "seek": 0, "start": 7.12, "end": 7.76, "text": "\u4e00\u65f6\u95f4", "tokens": [50720, 2257, 44848, 50752], "temperature": 0.0, "avg_logprob": -0.43147103140287313, "compression_ratio": 1.3333333333333333, "no_speech_prob": 0.10115993022918701}, {"id": 5, "seek": 0, "start": 7.76, "end": 9.040000000000001, "text": "\u529e\u516c\u5ba4\u7684\u4e00\u7247\u673a\u673a", "tokens": [50752, 39453, 13545, 2415, 97, 1546, 2257, 16668, 37960, 37960, 50816], "temperature": 0.0, "avg_logprob": -0.43147103140287313, "compression_ratio": 1.3333333333333333, "no_speech_prob": 0.10115993022918701}, {"id": 6, "seek": 0, "start": 9.040000000000001, "end": 10.64, "text": "\u865a\u53ef\u53ef\u671f\u7684\u9762\u76ee\u4e89\u660e", "tokens": [50816, 12026, 248, 4429, 4429, 16786, 1546, 8833, 11386, 1369, 231, 11100, 50896], "temperature": 0.0, "avg_logprob": -0.43147103140287313, "compression_ratio": 1.3333333333333333, "no_speech_prob": 0.10115993022918701}, {"id": 7, "seek": 0, "start": 10.64, "end": 11.88, "text": "\u53cc\u624b\u7d27\u63e1\u6210\u6743", "tokens": [50896, 2129, 234, 11389, 7732, 100, 11673, 94, 11336, 4422, 225, 50958], "temperature": 0.0, "avg_logprob": -0.43147103140287313, "compression_ratio": 1.3333333333333333, "no_speech_prob": 0.10115993022918701}, {"id": 8, "seek": 0, "start": 11.88, "end": 12.96, "text": "\u7259\u5f97\u5feb\u8981\u788e\u4e86", "tokens": [50958, 6935, 247, 5916, 10251, 4275, 16337, 236, 2289, 51012], "temperature": 0.0, "avg_logprob": -0.43147103140287313, "compression_ratio": 1.3333333333333333, "no_speech_prob": 0.10115993022918701}, {"id": 9, "seek": 0, "start": 12.96, "end": 14.36, "text": "\u6211\u770b\u7740\u795e\u8272\u5404\u4e00\u7684\u51e0\u4eba", "tokens": [51012, 1654, 4200, 20708, 20432, 17673, 17516, 2257, 1546, 6336, 254, 4035, 51082], "temperature": 0.0, "avg_logprob": -0.43147103140287313, "compression_ratio": 1.3333333333333333, "no_speech_prob": 0.10115993022918701}, {"id": 10, "seek": 0, "start": 14.36, "end": 16.2, "text": "\u4ece\u529e\u516c\u684c\u91cc\u62bd\u51fa\u5f20\u60c5\u4ef7\u6761", "tokens": [51082, 35630, 39453, 13545, 162, 5475, 15759, 46022, 7781, 44059, 10570, 1550, 115, 48837, 51174], "temperature": 0.0, "avg_logprob": -0.43147103140287313, "compression_ratio": 1.3333333333333333, "no_speech_prob": 0.10115993022918701}, {"id": 11, "seek": 0, "start": 16.2, "end": 17.080000000000002, "text": "\u9662\u957f", "tokens": [51174, 38358, 32271, 51218], "temperature": 0.0, "avg_logprob": -0.43147103140287313, "compression_ratio": 1.3333333333333333, "no_speech_prob": 0.10115993022918701}, {"id": 12, "seek": 0, "start": 17.080000000000002, "end": 18.0, "text": "\u6211\u7684\u72b6\u51b5", "tokens": [51218, 14200, 35276, 114, 43943, 51264], "temperature": 0.0, "avg_logprob": -0.43147103140287313, "compression_ratio": 1.3333333333333333, "no_speech_prob": 0.10115993022918701}, {"id": 13, "seek": 0, "start": 18.0, "end": 19.0, "text": "\u4f60\u4e5f\u770b\u5230\u4e86", "tokens": [51264, 2166, 6404, 18032, 2289, 51314], "temperature": 0.0, "avg_logprob": -0.43147103140287313, "compression_ratio": 1.3333333333333333, "no_speech_prob": 0.10115993022918701}, {"id": 14, "seek": 0, "start": 19.0, "end": 20.96, "text": "\u8fd9\u51e0\u5929\u6211\u62ff\u4e0d\u61c2\u7684", "tokens": [51314, 5562, 6336, 254, 6135, 1654, 24351, 1960, 29624, 1546, 51412], "temperature": 0.0, "avg_logprob": -0.43147103140287313, "compression_ratio": 1.3333333333333333, "no_speech_prob": 0.10115993022918701}, {"id": 15, "seek": 0, "start": 20.96, "end": 22.04, "text": "\u6211\u8bf7\u5047\u4e00\u5468", "tokens": [51412, 1654, 27908, 31706, 2257, 37390, 51466], "temperature": 0.0, "avg_logprob": -0.43147103140287313, "compression_ratio": 1.3333333333333333, "no_speech_prob": 0.10115993022918701}, {"id": 16, "seek": 0, "start": 22.04, "end": 23.84, "text": "\u9662\u957f\u4e0d\u7740\u5f88\u6fc0\u7ffb\u4e86\u4e2a\u767d\u773c", "tokens": [51466, 38358, 32271, 1960, 20708, 4563, 26373, 222, 42716, 2289, 7549, 13558, 25281, 51556], "temperature": 0.0, "avg_logprob": -0.43147103140287313, "compression_ratio": 1.3333333333333333, "no_speech_prob": 0.10115993022918701}, {"id": 17, "seek": 0, "start": 23.84, "end": 25.8, "text": "\u5374\u53c8\u5f3a\u8feb\u81ea\u5df1\u7684\u51fa\u4e00\u8fde\u9879\u9f99", "tokens": [51556, 5322, 112, 17047, 5702, 118, 3316, 104, 17645, 1546, 7781, 2257, 3316, 252, 10178, 117, 28907, 247, 51654], "temperature": 0.0, "avg_logprob": -0.43147103140287313, "compression_ratio": 1.3333333333333333, "no_speech_prob": 0.10115993022918701}, {"id": 18, "seek": 0, "start": 25.8, "end": 26.8, "text": "\u8bb2\u533b\u751f", "tokens": [51654, 39255, 9937, 119, 8244, 51704], "temperature": 0.0, "avg_logprob": -0.43147103140287313, "compression_ratio": 1.3333333333333333, "no_speech_prob": 0.10115993022918701}, {"id": 19, "seek": 0, "start": 26.8, "end": 28.32, "text": "\u4f60\u53ef\u662f\u54b1\u4eec\u533b\u9662\u5e26", "tokens": [51704, 2166, 23359, 8975, 109, 9497, 9937, 119, 38358, 4845, 99, 51780], "temperature": 0.0, "avg_logprob": -0.43147103140287313, "compression_ratio": 1.3333333333333333, "no_speech_prob": 0.10115993022918701}, {"id": 20,