{"text": "\u90a3\u662f\u6211\u4e00\u4e2a\u6708\u524d\u505a\u7684\u5ab3\u5a77\u4e0a\u9762\u4e70\u662f\u7ea2\u8336\u8001\u5e08\u53ea\u7740\u9ed1\u677f\u5bfc\u8fd9\u662f\u4f60\u4e00\u4e2a\u6708\u524d\u7684\u4f5c\u4e1a\u8fde\u8fd9\u4e48\u7b80\u5355\u7684\u63d0\u5934\u9519\u8fd9\u6b21\u600e\u4e48\u53ef\u80fd\u9760\u4e07\u5206\u6211\u63cf\u8fde\u9ed1\u677f\u5170\u9633\u9633\u7684\u6253\u5f97\u7684\u54c8\u59d0\u6e05\u5389\u7684\u6548\u9053\u8001\u5e08\u5f53\u65f6\u6709\u4eba\u7ad9\u4e86\u6211\u7684\u4f4d\u7f6e\u6211\u56de\u6765\u540e\u4e0d\u60f3\u5c55\u73b0\u771f\u5b9e\u6c34\u5e73\u8fd9\u5f88\u5408\u7406\u5427\u96be\u9053\u5e73\u4e00\u4e2a\u6708\u524d\u7684\u4f5c\u4e1a\u5c31\u80fd\u65ad\u5b9a\u6211\u8003\u4e0d\u4e86\u7b2c\u4e00\u8fd9\u662f\u67f3\u70df\u4ece\u4eba\u7fa4\u4e2d\u8d70\u51fa\u6765\u6311\u5fc3\u5730\u770b\u7740\u6211\u90a3\u4f60\u8bc1\u660e\u81ea\u5df1\u6ca1\u4f5c\u5f0a\u554a\u6211\u5fcd\u4e0d\u4f4f\u7b11\u51fa\u58f0\u6768\u9633\u5934\u5bfc\u8c01\u7f6e\u4e00\u8c01\u4e3e\u8bc1\u5173\u6211\u4ec0\u4e48\u4e8b\u6211\u4e0d\u9700\u8981\u50cf\u8c01\u8bc1\u660e\u6e05\u767d\u771f\u60f3\u81ea\u5728\u4eba\u5fc3\u4f60\u8fd9\u5c31\u662f\u811a\u8fb9\u8fd9\u65f6\u4e0d\u80fd\u5c31\u8fd9\u4e48\u7b97\u4e86\u65e2\u7136\u4f60\u89c9\u5f97\u81ea\u5df1\u6ca1\u95ee\u9898\u5c31\u5f53\u4e2d\u518d\u8003\u4e00\u6b21\u8ba9\u8001\u5e08\u5355\u72ec\u51fa\u5957\u9898\u8981\u662f\u8fd8\u80fd\u8003\u7b2c\u4e00\u6211\u5c31\u5728\u5168\u5bb6\u9762\u524d\u50cf\u4f60\u9053\u6b49\u5b89\u6170\u5728\u966a\u4f60\u4e00\u767e\u4e07\u542c\u5230\u4e00\u767e\u4e07\u8fd9\u4e2a\u6570\u5b57\u6211\u773c\u775b\u4e00\u4e0b\u5b50\u4eae\u4e86\u5fc3\u91cc\u76d8\u7b97\u6210\u4e00\u767e\u4e07\u80fd\u4e70\u591a\u5c11\u673a\u7ebf\u6a21\u578b\u8fd9\u4e2a\u72ec\u6253\u5b9a\u4e86\u4f46\u8868\u9762\u4e0a\u8fd8\u662f\u88c5\u4f5c\u5165\u5176\u4e8b\u597d\u554a\u4e0d\u8fc7\u4f60\u640d\u5bb3\u4e86\u6211\u7684\u540d\u9884\u4e00\u767e\u4e07\u53ef\u4e0d\u591f\u81f3\u5c11200\u4e07\u53ea\u8981\u4f60\u7b54\u5e94\u4e0d\u5c31\u6309\u4f60\u8bf4\u7684\u91cd\u8003\u600e\u4e48\u6837\u5468\u56f4\u7684\u540c\u5b66\u90fd\u88ab\u6211\u7684\u6c14\u52bf\u8bc1\u5206\u5206\u4ea4\u5934\u6212\u8033\u7591\u8bba\u606f", "segments": [{"id": 0, "seek": 0, "start": 0.0, "end": 1.48, "text": "\u90a3\u662f\u6211\u4e00\u4e2a\u6708\u524d\u505a\u7684\u5ab3\u5a77", "tokens": [50364, 4184, 1541, 1654, 20182, 6939, 8945, 10907, 1546, 44332, 111, 26112, 115, 50438], "temperature": 0.0, "avg_logprob": -0.4049451361762153, "compression_ratio": 1.4107648725212465, "no_speech_prob": 0.25802502036094666}, {"id": 1, "seek": 0, "start": 1.48, "end": 2.48, "text": "\u4e0a\u9762\u4e70\u662f\u7ea2\u8336", "tokens": [50438, 49750, 2930, 108, 1541, 16853, 95, 43499, 50488], "temperature": 0.0, "avg_logprob": -0.4049451361762153, "compression_ratio": 1.4107648725212465, "no_speech_prob": 0.25802502036094666}, {"id": 2, "seek": 0, "start": 2.48, "end": 3.48, "text": "\u8001\u5e08\u53ea\u7740\u9ed1\u677f\u5bfc", "tokens": [50488, 10439, 29186, 14003, 20708, 32141, 43664, 4510, 120, 50538], "temperature": 0.0, "avg_logprob": -0.4049451361762153, "compression_ratio": 1.4107648725212465, "no_speech_prob": 0.25802502036094666}, {"id": 3, "seek": 0, "start": 3.48, "end": 4.92, "text": "\u8fd9\u662f\u4f60\u4e00\u4e2a\u6708\u524d\u7684\u4f5c\u4e1a", "tokens": [50538, 27455, 2166, 20182, 6939, 8945, 1546, 11914, 940, 248, 50610], "temperature": 0.0, "avg_logprob": -0.4049451361762153, "compression_ratio": 1.4107648725212465, "no_speech_prob": 0.25802502036094666}, {"id": 4, "seek": 0, "start": 4.92, "end": 6.48, "text": "\u8fde\u8fd9\u4e48\u7b80\u5355\u7684\u63d0\u5934\u9519", "tokens": [50610, 3316, 252, 31889, 11249, 222, 47446, 1546, 20949, 39862, 29900, 50688], "temperature": 0.0, "avg_logprob": -0.4049451361762153, "compression_ratio": 1.4107648725212465, "no_speech_prob": 0.25802502036094666}, {"id": 5, "seek": 0, "start": 6.48, "end": 8.040000000000001, "text": "\u8fd9\u6b21\u600e\u4e48\u53ef\u80fd\u9760\u4e07\u5206", "tokens": [50688, 5562, 9487, 15282, 16657, 5363, 254, 23570, 6627, 50766], "temperature": 0.0, "avg_logprob": -0.4049451361762153, "compression_ratio": 1.4107648725212465, "no_speech_prob": 0.25802502036094666}, {"id": 6, "seek": 0, "start": 8.040000000000001, "end": 8.92, "text": "\u6211\u63cf\u8fde\u9ed1\u677f", "tokens": [50766, 1654, 11673, 237, 3316, 252, 32141, 43664, 50810], "temperature": 0.0, "avg_logprob": -0.4049451361762153, "compression_ratio": 1.4107648725212465, "no_speech_prob": 0.25802502036094666}, {"id": 7, "seek": 0, "start": 8.92, "end": 10.040000000000001, "text": "\u5170\u9633\u9633\u7684\u6253\u5f97\u7684\u54c8\u59d0", "tokens": [50810, 2347, 108, 10034, 111, 10034, 111, 1546, 12467, 5916, 1546, 10595, 18102, 50866], "temperature": 0.0, "avg_logprob": -0.4049451361762153, "compression_ratio": 1.4107648725212465, "no_speech_prob": 0.25802502036094666}, {"id": 8, "seek": 0, "start": 10.040000000000001, "end": 10.84, "text": "\u6e05\u5389\u7684\u6548\u9053", "tokens": [50866, 21784, 5014, 231, 1546, 43076, 6025, 50906], "temperature": 0.0, "avg_logprob": -0.4049451361762153, "compression_ratio": 1.4107648725212465, "no_speech_prob": 0.25802502036094666}, {"id": 9, "seek": 0, "start": 10.84, "end": 11.48, "text": "\u8001\u5e08", "tokens": [50906, 10439, 29186, 50938], "temperature": 0.0, "avg_logprob": -0.4049451361762153, "compression_ratio": 1.4107648725212465, "no_speech_prob": 0.25802502036094666}, {"id": 10, "seek": 0, "start": 11.48, "end": 13.120000000000001, "text": "\u5f53\u65f6\u6709\u4eba\u7ad9\u4e86\u6211\u7684\u4f4d\u7f6e", "tokens": [50938, 16233, 15729, 45820, 34155, 2289, 14200, 11160, 34719, 51020], "temperature": 0.0, "avg_logprob": -0.4049451361762153, "compression_ratio": 1.4107648725212465, "no_speech_prob": 0.25802502036094666}, {"id": 11, "seek": 0, "start": 13.120000000000001, "end": 13.92, "text": "\u6211\u56de\u6765\u540e", "tokens": [51020, 1654, 8350, 6912, 13547, 51060], "temperature": 0.0, "avg_logprob": -0.4049451361762153, "compression_ratio": 1.4107648725212465, "no_speech_prob": 0.25802502036094666}, {"id": 12, "seek": 0, "start": 13.92, "end": 15.4, "text": "\u4e0d\u60f3\u5c55\u73b0\u771f\u5b9e\u6c34\u5e73", "tokens": [51060, 1960, 7093, 43491, 20204, 6303, 24726, 15590, 16716, 51134], "temperature": 0.0, "avg_logprob": -0.4049451361762153, "compression_ratio": 1.4107648725212465, "no_speech_prob": 0.25802502036094666}, {"id": 13, "seek": 0, "start": 15.4, "end": 16.36, "text": "\u8fd9\u5f88\u5408\u7406\u5427", "tokens": [51134, 5562, 4563, 14245, 13876, 6062, 51182], "temperature": 0.0, "avg_logprob": -0.4049451361762153, "compression_ratio": 1.4107648725212465, "no_speech_prob": 0.25802502036094666}, {"id": 14, "seek": 0, "start": 16.36, "end": 18.2, "text": "\u96be\u9053\u5e73\u4e00\u4e2a\u6708\u524d\u7684\u4f5c\u4e1a", "tokens": [51182, 46531, 6025, 16716, 20182, 6939, 8945, 1546, 11914, 940, 248, 51274], "temperature": 0.0, "avg_logprob": -0.4049451361762153, "compression_ratio": 1.4107648725212465, "no_speech_prob": 0.25802502036094666}, {"id": 15, "seek": 0, "start": 18.2, "end": 19.96, "text": "\u5c31\u80fd\u65ad\u5b9a\u6211\u8003\u4e0d\u4e86\u7b2c\u4e00", "tokens": [51274, 3111, 8225, 4307, 255, 12088, 1654, 26504, 47225, 18049, 51362], "temperature": 0.0, "avg_logprob": -0.4049451361762153, "compression_ratio": 1.4107648725212465, "no_speech_prob": 0.25802502036094666}, {"id": 16, "seek": 0, "start": 19.96, "end": 21.6, "text": "\u8fd9\u662f\u67f3\u70df\u4ece\u4eba\u7fa4\u4e2d\u8d70\u51fa\u6765", "tokens": [51362, 27455, 17238, 111, 23661, 253, 35630, 4035, 7248, 97, 5975, 9575, 44561, 51444], "temperature": 0.0, "avg_logprob": -0.4049451361762153, "compression_ratio": 1.4107648725212465, "no_speech_prob": 0.25802502036094666}, {"id": 17, "seek": 0, "start": 21.6, "end": 22.400000000000002, "text": "\u6311\u5fc3\u5730\u770b\u7740\u6211", "tokens": [51444, 49067, 7945, 10928, 4200, 20708, 1654, 51484], "temperature": 0.0, "avg_logprob": -0.4049451361762153,